{
	"format_version": "1.8.0",
	"animations": {
		"animation.reyna.leer": {
			"loop": "hold_on_last_frame",
			"animation_length": 1,
			"bones": {
				"rightArm": {
					"rotation": {
						"0.0": [-166.23555, -44.94313, 108.09476],
						"0.3333": [-94.952, 9.14225, 38.70313],
						"0.4167": [-94.952, 9.14225, 38.70313],
						"0.5833": [-86.47352, 13.09444, 5.80259]
					},
					"position": {
						"0.0": [0, 0, -1],
						"0.4167": [0, 0, -1],
						"0.5833": [0, 0, 0]
					}
				}
			}
		},
		"animation.reyna.leer_shot": {
			"loop": "hold_on_last_frame",
			"animation_length": 1,
			"bones": {
				"rightArm": {
					"rotation": {
						"0.0": [-86.47352, 13.09444, 5.80259],
						"0.125": [-100.56158, -10.03843, 60.63333],
						"0.3333": [-100.56, -10.04, 60.63],
						"0.625": [-50, 0, 0]
					},
					"position": {
						"0.0": [0, 0, 0],
						"0.125": [0, 0, -3],
						"0.3333": [0, 0, -3],
						"0.625": [0, 0, 0]
					}
				},
				"rightItem": {
					"scale": {
						"0.0": [1, 1, 1],
						"0.0833": [1, 1, 1],
						"0.125": [0, 0, 0]
					}
				}
			}
		},
		"animation.reyna.ghost": {
			"animation_length": 3,
			"bones": {
				"leftArm": {
					"rotation": {
						"0.0": [-114.35928, 17.1547, 0.4414],
						"0.2083": [-121.34751, -5.32748, 13.4368],
						"0.375": [-121.34751, -5.32748, 13.4368],
						"1.25": [-31.38675, -24.64699, -68.26846]
					}
				},
				"rightArm": {
					"rotation": {
						"0.0": [-109.56838, -26.12797, 8.89674],
						"0.2083": [-140.6247, -67.10571, 48.30507],
						"0.3333": [-140.62, -67.11, 48.31],
						"0.5833": [-122.23331, -55.68904, 27.52224],
						"0.7917": [-122.23, -55.69, 27.52],
						"1.25": [-111.97182, 61.77787, -35.95399]
					},
					"position": {
						"0.0": [1, 0, -3],
						"0.2083": [0, 0, -2],
						"0.3333": [0, 0, -2],
						"0.5833": [-2, 0, -2],
						"0.7917": [-2, 0, -2],
						"1.25": [0, 0, 0]
					}
				}
			}
		},
		"animation.reyna.ghostend": {
			"animation_length": 1.5,
			"bones": {
				"setpoint": {
					"position": {
						"0.0": [0, 0, 0],
						"0.1667": [0, 2, 0],
						"0.375": [0, 0, 0]
					}
				},
				"body": {
					"rotation": {
						"0.0": [0, 0, 0],
						"0.1667": [-20, 0, 0],
						"0.25": [-20, 0, 0],
						"1.0": [0, 0, 0]
					},
					"position": {
						"0.0": [0, 0, 0],
						"0.1667": [0, -1, 4],
						"0.25": [0, -1, 4],
						"1.0": [0, 0, 0]
					}
				},
				"leftArm": {
					"rotation": {
						"0.0": [-31.38675, -24.64699, -68.26846],
						"0.1667": [-96.52763, -38.94159, 14.30026],
						"0.9583": [0, 0, 0]
					}
				},
				"rightArm": {
					"rotation": {
						"0.0": [-111.97182, 61.77787, -35.95399],
						"0.1667": [-101.84792, 30.49934, -22.45886],
						"0.25": [-101.85, 30.5, -22.46],
						"0.9583": [0, 0, 0]
					}
				},
				"leftLeg": {
					"rotation": {
						"0.0": [0, 0, 0],
						"0.1667": [1.10693, -12.45167, -5.12076],
						"0.25": [1.11, -12.45, -5.12],
						"1.0": [0, 0, 0]
					}
				},
				"rightLeg": {
					"rotation": {
						"0.0": [0, 0, 0],
						"0.1667": [0, 10, 10],
						"0.25": [0, 10, 10],
						"0.5": [0, 0, 0]
					}
				}
			}
		},
		"animation.reyna.heal": {
			"animation_length": 1,
			"bones": {
				"rightArm": {
					"rotation": {
						"0.0": [0, 0, 0],
						"0.125": [-93.74079, -15.36567, 41.4417],
						"0.25": [-93.74, -15.37, 41.44],
						"0.9167": [0, 0, 0]
					},
					"position": {
						"0.0": [0, 0, 0],
						"0.125": [1, 0, -3],
						"0.25": [1, 0, -3],
						"0.9167": [0, 0, 0]
					}
				}
			}
		},
		"animation.reyna.super": {
			"animation_length": 1.5,
			"bones": {
				"body": {
					"rotation": {
						"0.0": [0, 0, 0],
						"0.25": [-17.5, 0, 0],
						"0.625": [-17.5, 0, 0],
						"1.0417": [0, 0, 0]
					},
					"position": {
						"0.0": [0, 0, 0],
						"0.25": [0, -1, 4],
						"0.625": [0, -1, 4],
						"1.0417": [0, 0, 0]
					}
				},
				"head": {
					"rotation": {
						"0.0": [0, 0, 0],
						"0.25": [12.5, 0, 0],
						"0.625": [12.5, 0, 0],
						"1.0417": [0, 0, 0]
					}
				},
				"leftArm": {
					"rotation": {
						"0.0": [-43.87579, -29.08289, 10.09471],
						"0.25": [-101.21338, -35.67463, -12.98067],
						"0.6667": [-102.48, -43.02, -10.99],
						"1.0417": [0, 0, 0]
					}
				},
				"rightArm": {
					"rotation": {
						"0.0": [-47.64689, 24.50029, -1.66268],
						"0.25": [-97.94322, 17.60827, 16.27243],
						"0.625": [-98.98, 32.45, 13.84],
						"1.0417": [0, 0, 0]
					}
				}
			}
		}
	}
}